{
  "ModId": "p3rpc.skins.pq2portraits_femc",
  "ModName": "PQ2 Battle Portraits - FeMC Edition",
  "ModAuthor": "junior",
  "ModVersion": "1.0.0",
  "ModDescription": "Chibi party portraits (w FeMC over Makoto)!",
  "ModDll": "",
  "ModIcon": "junpeipanel(1).png",
  "ModR2RManagedDll32": "",
  "ModR2RManagedDll64": "",
  "ModNativeDll32": "",
  "ModNativeDll64": "",
  "Tags": [],
  "CanUnload": null,
  "HasExports": null,
  "IsLibrary": false,
  "ReleaseMetadataFileName": "p3rpc.skins.pq2portraits_femc.ReleaseMetadata.json",
  "PluginData": {
    "GitHubRelease": {
      "UserName": "junior-SM",
      "RepositoryName": "PQ2-Party-Panels-FeMC",
      "UseReleaseTag": true,
      "AssetFileName": "p3rpc.skins.pq2portraits_femc.zip"
    },
    "GameBanana": {
      "ItemType": "Mod",
      "ItemId": 501212
    },
    "GameBananaDependencies": {
      "IdToConfigMap": {
        "p3rpc.essentials": {
          "Config": {
            "ItemType": "Mod",
            "ItemId": 494020
          },
          "ReleaseMetadataName": "p3rpc.essentials.ReleaseMetadata.json"
        },
        "Ryo.Reloaded": {
          "Config": {
            "ItemType": "Mod",
            "ItemId": 495507
          },
          "ReleaseMetadataName": "Ryo.Reloaded.ReleaseMetadata.json"
        },
        "SharedScans.Reloaded": {
          "Config": {
            "ItemType": "Mod",
            "ItemId": 495507
          },
          "ReleaseMetadataName": "SharedScans.Reloaded.ReleaseMetadata.json"
        }
      }
    },
    "GitHubDependencies": {
      "IdToConfigMap": {
        "p3rpc.femc": {
          "Config": {
            "UserName": "MadMax1960",
            "RepositoryName": "Femc-Reloaded-Project",
            "UseReleaseTag": true,
            "AssetFileName": "Mod.zip"
          },
          "ReleaseMetadataName": "p3rpc.femc.ReleaseMetadata.json"
        },
        "UnrealEssentials": {
          "Config": {
            "UserName": "AnimatedSwine37",
            "RepositoryName": "UnrealEssentials",
            "UseReleaseTag": false,
            "AssetFileName": "Mod.zip"
          },
          "ReleaseMetadataName": "UnrealEssentials.ReleaseMetadata.json"
        },
        "p3rpc.essentials": {
          "Config": {
            "UserName": "AnimatedSwine37",
            "RepositoryName": "p3rpc.essentials",
            "UseReleaseTag": true,
            "AssetFileName": "Mod.zip"
          },
          "ReleaseMetadataName": "p3rpc.essentials.ReleaseMetadata.json"
        },
        "p3rpc.nativetypes": {
          "Config": {
            "UserName": "Rirurin",
            "RepositoryName": "p3rpc.nativetypes",
            "UseReleaseTag": true,
            "AssetFileName": "Mod.zip"
          },
          "ReleaseMetadataName": "p3rpc.nativetypes.ReleaseMetadata.json"
        },
        "Reloaded.Memory.SigScan.ReloadedII": {
          "Config": {
            "UserName": "Reloaded-Project",
            "RepositoryName": "Reloaded.Memory.SigScan",
            "UseReleaseTag": false,
            "AssetFileName": "Mod.zip"
          },
          "ReleaseMetadataName": "Reloaded.Memory.SigScan.ReloadedII.ReleaseMetadata.json"
        },
        "reloaded.sharedlib.hooks": {
          "Config": {
            "UserName": "Sewer56",
            "RepositoryName": "Reloaded.SharedLib.Hooks.ReloadedII",
            "UseReleaseTag": true,
            "AssetFileName": "reloaded.sharedlib.hooks.zip"
          },
          "ReleaseMetadataName": "Sewer56.Update.ReleaseMetadata.json"
        },
        "UTOC.Stream.Emulator": {
          "Config": {
            "UserName": "AnimatedSwine37",
            "RepositoryName": "UnrealEssentials",
            "UseReleaseTag": false,
            "AssetFileName": "Mod.zip"
          },
          "ReleaseMetadataName": "UTOC.Stream.Emulator.ReleaseMetadata.json"
        },
        "reloaded.universal.fileemulationframework": {
          "Config": {
            "UserName": "Sewer56",
            "RepositoryName": "FileEmulationFramework",
            "UseReleaseTag": false,
            "AssetFileName": "Mod.zip"
          },
          "ReleaseMetadataName": "Reloaded.Universal.FileEmulationFramework.ReleaseMetadata.json"
        }
      }
    }
  },
  "IsUniversalMod": false,
  "ModDependencies": [
    "p3rpc.femc",
    "UnrealEssentials"
  ],
  "OptionalDependencies": [],
  "SupportedAppId": [
    "p3r.exe"
  ],
  "ProjectUrl": "https://gamebanana.com/mods/501212"
}